StudentId,IDNumber,RFID,Name,Course
22,11318234,887032313,"Olarte, Charmaine Miranda",BSIT-4
23,11532203,788394258,"Perales, Orlan Loquias",BSIT-1
24,11487835,788837538,"Solas, Justine Joy Cabañero",BSIT-3
25,11456534,1795034642,"Tayone, Aljanly Salaspe",BSIT-3
26,11522189,1795226450,"Camanian, Chrishelle Grace Indino",BSIT-2
27,11517179,1794790610,"Pilapil, Jayson Salaguste",BSIT-2
28,11417853,789770786,"Batoctoy, Forcia Mae Ceniza",BSIT-3
29,11466273,1284361760,"Esling I, Glenn Nestor Tubal",BSIT-2
30,11494530,1795370226,"Baroga, Gee Labor",BSIT-3
31,11489179,1794867954,"Vapor, Renz Ryan Acal",BSIT-3
32,11486147,1794426546,"Descallar, Cherry Mae Aplaca",BSIT-3
33,11345747,788663938,"Gonzaga, Flourence John Sajulga",BSIT-4
34,11521649,3682535529,"Copian, Jayvee Elle",BSIT-2
35,10816153,1792789986,"Zamoras, Jemz Stephaine Lanzaderas",BSIT-2
36,11329677,3678169529,"Cadainggan, Zaira  Abonales",BSIT-3
37,11522564,3680181929,"Bation, Angellou Liwanag",BSIT-2
38,11636254,889609081,"Manalo, Frinz Paul Camimo",BSIT-1
39,11321484,395776384,"Delmo, Glennfrey Mijares",BSIT-4
40,11484675,789930322,"Buca, Algie Kent Apale",BSIT-3
41,11211434,3677996585,"Rosal, Rommel Jr. Corridor",BSIT-4
42,11516356,802335289,"Uy, Dana Dawn Ceniza",BSIT-2
43,11516720,3681661961,"Quimbo, Allyson Duane Mahilum",BSIT-2
44,11515688,3681508217,"Ilisan, Althea Eryl Galenzoga",BSIT-2
45,11517760,3682275225,"Camus, Dana Patricia -",BSIT-2
46,11518800,3681456185,"Regalado, Ruben Jr. Pedrita",BSIT-2
47,11490901,788854514,"Paler, Christian Rey Do-Ong",BSIT-3
48,11483087,1789142722,"Samillano, Princess Grace Valdehueza",BSIT-3
49,11526812,787599218,"Infante, Ruben Sixto Iii Tan",BSCS-2
50,11528795,3682288233,"Pataang, Rizalyn Dagondon",BSIT-2
51,11497433,1791507410,"Alegrado, Alfer Joseph Jizmundo",BSIT-2
52,11488510,1794042642,"Cabansag, Julie Ann Mundo",BSIT-3
53,11488947,1796657634,"Panganiban , Honimar Caylo",BSIT-3
54,11522048,787073602,"Bagares, Alinor Dela Cruz",BSIT-2
55,11481596,1794986578,"Tadle, Novem Mari Bancale",BSIT-3
56,11516633,3675916601,"Asas, Mheljane Dinolan",BSIT-2
57,11518862,1793266898,"Ardon, Joanne Kaye Denore",BSCS-2
58,11518935,891814009,"Eliaca, Jessel Cabanes",BSCS-2
59,11128228,,"Angelio, Pura Erika Gallego",BSIT-4
60,11356689,,"Limbago, Jubelyn Sending",BSIT-4
61,11487777,789223586,"Emperio, Viann Adrielle Sebarios",BSCS-2
62,11519103,3682075625,"Same, Danica Dalid",BSIT-2
63,11518351,891855241,"Barlomento, Rhea Jane Dibdib",BSIT-2
64,11592992,3680383321,"Abilay, Jannilyn Suligao",BSIT-2
65,11514892,1790009378,"Tizon, Jerie Justyne Marl Nuñez",BSIT-2
66,11532386,788551074,"Taylaran, Charry Faith Lapinig",BSIT-2
67,11333831,886188121,"Suarez, Denzel Roy Contento",BSIT-4
68,11444655,1794685538,"Padilla, Bonnie Jefferson M.",BSIT-3
69,11358698,3676584057,"Catipay, Saffe Joch Tano",BSIT-4
70,11489044,3681271833,"Padilla, Paxton Greg Acut",BSIT-2
71,11314049,3675778169,"Sedeño, Kithleen Suerte",BSIT-4
72,11318053,3679354217,"Misal, Shella Mae Geralde",BSIT-4
73,11325307,1795242498,"Cayman, Juvy Prez Mercado",BSIT-4
74,11211647,,"Puzon, Mercheylunch D.",BSIT-4
75,11494364,887155993,"Rosario, Joshua Granada",BSIT-2
76,11431413,,"Chiong, Wilce Anhao",BSIT-1
77,11354687,1793890690,"Singco, Dawn Raymar Estaño",BSIT-4
78,11332739,892741705,"Partosa, Crystal Jade Descallar",BSIT-4
79,11310967,889067353,"Macapilit, Maryland Seplon",BSIT-4
80,11317751,789331474,"Viernes, Edmie Bhel ",BSIT-4
81,11521551,788656770,"Galambao, Christian James Danaoto",BSIT-2
82,11494006,1793092946,"Gangoso, Earl Peter Jumamil",BSCS-3
83,11493028,353210864,"Enot, Christopher Heart Azcuna",BSCS-2
84,11211593,885722169,"Arsenal , Jea Glory Sayson",BSIT-4
85,11521621,395205600,"Miculob, Altrin Langomez",BSIT-2
86,11322784,1791240642,"Bolongaita, Lan Joseph Varquez",BSIT-4
87,11457430,1793616898,"Rosello, Danielle Margaret Chua",BSIT-4
88,11014931,,"Hassan, Hamad  Hussan Mohamed ",BSIT-3
89,11516325,1794147090,"Costante, Mharjorie Garridos",BSIT-2
90,10960466,1789243410,"Tabuñag, Geofrey Lou Cuajotor",BSIT-4
91,11329203,886594201,"Ballares, Harbie James Tagaylo",BSIT-4
92,11641088,3682999001,"Inguito, Rey Jesus Meñosa",BSIT-3
93,11363637,,"Sollano, Bob John Serino",BSIT-3
94,11532130,1794184706,"Gonzaga, Jerry Lyn Lahoylahoy",BSIT-2
95,11489721,788836498,"Rodriguez, Cris Jeah Tabil",BSIT-3
96,11359517,1793320386,"Pio, Luinelle Anthony Senit",BSIT-4
97,11467194,3680756249,"Parojinog, Sean Calvin Panes",BSIT-3
98,11322711,3682610617,"Revil, John Elleo ",BSIT-3
99,11532369,788532114,"Gallardo, Zenith Briones",BSIT-2
100,11526961,787018674,"Llanos, Lenny Lyn Pintacasi",BSIT-2
101,11514880,3680522217,"Galon, Joseph Matthew Dapac",BSIT-2
102,11345340,1794417874,"Lapiz, Rica Grace Ramos",BSIT-3
103,11523278,887160057,"Apat, Niel Kobe Paler",BSIT-2
104,11527031,3706425809,"Tangalin, Severina Mea Imfiel",BSIT-2
105,11327491,3680327193,"Navarro, Chrismabelle Ebale",BSIT-3
106,11327513,1792836178,"Baaclo, Billy John -",BSIT-3
107,11516273,1791298674,"Villaruz, Marbel Bolotaolo",BSCS-2
108,11519374,1795553682,"Mier, Andrew Abear",BSIT-2
109,11516287,1795508370,"Flores, Michael Ryan Saquin",BSIT-2
110,11523690,787216658,"Hilot, Ralph Andrey Dilao",BSIT-2
111,11471490,787565986,"Estrada, Dianne Cañete",BSIT-2
112,11369394,787908354,"Escovilla, Mike Languido",BSIT-2
113,11225989,,"Tan, Mark Nicholson Abanil",BSIT-4
114,11647602,885516025,"Lopez, Geraldine Silaras",BSIT-1
115,11521606,892074505,"Digamon, Ma. Clyte Dyne  Booc",BSIT-2
116,11530943,890229289,"Cajes, Sean Carlos Morales",BSIT-1
117,11531604,790582674,"Licayan, Joshua Zebede",BSIT-1
118,11519030,3682241993,"Gonzaga, Windie Mae Ermac",BSCS-2
119,11649230,3675259689,"Bogo, Juliet .",BSIT-1
120,11531235,,"Orozco, Jonalyn",BSIT-2
121,11340038,1794178690,"Caballero, Ruthie Alberto",BSIT-3
122,11353935,1795394898,"Pulmano, Excel Palma",BSIT-2
123,11653354,3675773273,"Pampilo, Phillip Dominic Calunod",BSIT-1
124,11491305,1795018434,"Balatayo, Raymund Diputado",BSIT-3
125,11518585,890269961,"Paye, Giel Lourrainne Docor",BSIT-2
126,11419008,1789347426,"Dalid, Tom Henry Arsenal",BSIT-3
127,11491197,1794659618,"Baluyos, Chanel Rose Teng",BSIT-3
128,11486663,887031641,"Manlantao, Seer Arboiz",BSIT-3
129,11654783,3675605241,"Adlaon, Zaragosa Ratilla",BSCS-1
130,11331359,789163138,"Rocas, Joseph Earl Onos",BSIT-2
131,11414360,787740530,"Rocas, John Paul Onos",BSCS-2
132,11359960,3683433529,"Bernad, John Fernando Barba",BSIT-4
133,11415547,1798276194,"Maata, Alyssa Mae Bularon",BSIT-3
134,11491608,1795057074,"Durante , Vincel Darl ",BSIT-3
135,11478878,787405842,"Magsalay, Christy Rose Jimemez",BSCS-3
136,11620197,3675638937,"Buray, Ruel Jade Sta. Rita",BSIT-2
137,11655652,3677557081,"Gula, Joshiah Jephtan Pueblos",BSCS-1
138,11444253,788717346,"Butalid, Christian Amba",BSIT-3
139,11518152,1793809010,"Melo, John Henry Bonham Bacayo",BSIT-1
140,11525432,787580562,"Ermita, Bethel Ann Pacatang",BSIT-2
141,11492328,1798027330,"Tugado, Francis Ray Patrimonio",BSIT-2
142,11528339,395120832,"Bacaltos, Buzar Beu Galope",BSIT-2
143,11225629,1794144034,"Bunsua, Gwindelyn .",BSIT-2
144,11521099,787784450,"Mananquil, Glenn Gayanelo",BSIT-1
145,11487377,3680386409,"Vapor, Nikki Luz Pitos",BSIT-3
146,11521369,788568498,"Yaba, Vanessa Acasio",BSIT-2
147,11227020,1794320898,"Panis, Hannah Junar Vee P",BSIT-4
148,11518916,3681248569,"Talaba, Genielito Carcueva",BSIT-2
149,11698714,3683818169,"Cuambot, Sonny Boy A.",BSIT-1
150,11515162,886494281,"Morgia, Gabriel Jake Subsuban",BSCS-1
151,11471037,884227945,"Codilla, Elisha Marie Angeli Masota",BSIT-3
152,10820096,1794042610,"Velasco, Joseph Keilven Nason",BSIT-4
153,11115744,1794657138,"Olis, Jonas Dingding",BSIT-4
154,11331862,,"Robles, Christian Jason Jumalon",BSIT-4
155,11329095,3680521401,"Penoliad, Charles Aguirre",BSIT-3
156,11325869,788288226,"Morales, Jhune Brylle Balos",BSIT-4
157,11314194,3680393513,"Dagondon, Hance Manggay",BSIT-4
158,11486352,1808042098,"Espadera, Wilfred Vicente",BSIT-3
159,11337323,,"Josue, Meko Zymer Cagadas",BSIT-4
160,11317840,3682781801,"Balingit, John Dave Villarubia",BSIT-3
161,11498991,1795221410,"Digal, Kent Delos Santos",BSCS-3
162,11476257,787909106,"Ambolodto, Azhradin Muslem",BSIT-3
163,11659400,3675331881,"Manongas, Jae Anthony Quijano",BSIT-1
164,11492573,892465961,"Padullon, Miguel Gipulao",BSIT-3
165,11499521,3676011769,"Salva, Ian Emerson Sumay",BSIT-2
166,11528833,886725785,"Patalinghug, Kurt Yves Jabines",BSIT-2
167,11527787,1794911858,"Bonalos, Alent Fhyle  Dequit",BSIT-2
168,11436615,886565993,"Guantero, Homer James Olarte",BSCS-3
169,11660213,800545545,"Cabanes, Gabriel Luis Luberanes",BSIT-1
170,11225481,1794150674,"Decena, Charlie Magne Acapulco",BSCS-4
171,11356472,,"Luna, Jo Renlee Sabado",BSIT-4
172,11224437,3681640905,"Bacus Jr., Sonny Boy Martizano",BSIT-4
173,11370847,1794814130,"Dela Cruz, Jodel",BSIT-3
174,11365030,787729154,"Iyoy, Earl Eamonn Losanoy",BSIT-4
175,11222059,,"Regidor, Marlyn Lumacad",BSIT-4
176,11215177,1795357730,"Tadle, Tiffany Megan Garcines",BSCS-4
177,10710658,3678186553,"Limpag, Rennizel Etang",BSCS-4
178,11490078,1793490322,"Dorotayo, April Grace Largo",BSIT-3
179,11226656,1792945714,"Espra, Anna Liza Fernandez",BSIT-4
180,11215917,1793341650,"Baran, Aira Mae Diaz",BSIT-4
181,11467616,787600162,"Casas, Kim Fridell Chavez",BSIT-2
182,11156260,886912905,"Largosa, Gleam Gold Quije",BSIT-3
183,11225366,,"Avila, Rowel Suco",BSIT-4
184,11138139,,"Ignacio, Jan Anthonie Cabasag",BSIT-4
185,10822714,1793342130,"Adona, Kimberly Dampayla",BSIT-4
186,11116695,1793629138,"Salas, Adams Paolo Garzo",BSIT-4
187,11227892,,"Tangaro, Kimber Lhym Gomonit",BSIT-4
188,11530048,1283847472,"Sevilla, Clyde Lester Guirigay",BSIT-3
189,11218706,,"Pagara, Mansoor Jassem ",BSIT-4
190,10616482,3682880617,"Japuz, Symon Kristofer Lopez",BSIT-4
191,11224319,394914640,"De Jose, Klint Mandao",BSIT-4
192,11216155,1795944274,"Delvo, John Marc Atay",BSIT-4
193,11213114,,"Dioquino, Joriel Babael",BSIT-4
194,11211918,1794719842,"Babatid, Danette Jane Ponce",BSIT-4
195,11528995,,"Ruizal, Geferson Paler",BSIT-2
196,11684825,3679503769,"Baroro, Jonathan Tienes",BSIT-1
197,11314186,1793312386,"Calibog, Sunny John Jalalon",BSIT-4
198,11229001,1795057650,"Engcoy, Joshua Kim  Saldaña",BSIT-4
199,11474666,1794726578,"Hingco, Mark Jesyl Cuajotor",BSIT-3
200,11668228,3677042937,"Jumao-as, Ryan Bolotano",BSIT-1
202,10962582,1792818818,"Noval, Johnny Roneo Ababon",BSIT-4
203,11227379,,"Villanueva, Jan Allen Lopez",BSIT-4
204,11013039,,"De La Rama, Kenneth Jorge Ageas",BSIT-4
205,11016023,1794991122,"Estrella, Joel Gentica",CCN-1
206,11476342,787690002,"Josol, Princess Joy Dizon",BSIT-3
